hoehe_km,r_m,g_ref,g_exp1,g_exp2,g_hybrid,dg_exp1,dg_exp2,dg_hybrid
0.0,6371000.0,9.81,9.81,9.81,9.81,0.0,0.0,0.0
23.951127819549292,6394951.127819549,9.73665446282035,9.755519609996965,9.738111062583142,9.73665446282035,0.018865147176613917,0.001456599762791555,0.0
47.90225563909765,6418902.255639098,9.664128425038985,9.701341779922053,9.666944172661186,9.664128425038985,0.037213354883068206,0.002815747622200604,0.0
71.85338345864695,6442853.383458647,9.592409723469824,9.647464829491584,9.596491110395576,9.592409723469824,0.05505510602175967,0.004081386925751218,0.0
95.8045112781953,6466804.511278195,9.521486419753087,9.593887087753433,9.526743753022107,9.521486419753087,0.07240066800034661,0.005257333269019782,0.0
119.7556390977446,6490755.639097745,9.451346795386772,9.540606893035196,9.457694073693313,9.451346795386772,0.08926009764842391,0.00634727830654036,0.0
143.70676691729295,6514706.766917293,9.381979346885814,9.487622592892668,9.389334140334746,9.381979346885814,0.1056432460068546,0.007354793448932639,0.0
167.65789473684225,6538657.894736842,9.313372781065087,9.43493254405858,9.321656114514864,9.313372781065087,0.12155976299349192,0.00828333344977672,0.0
191.6090225563906,6562609.022556391,9.245516010442753,9.382535112391645,9.254652250328487,9.245516010442753,0.13701910194889244,0.009136239885734199,0.0
215.5601503759399,6586560.15037594,9.178398148760332,9.330428672825867,9.188314893293569,9.178398148760332,0.15203052406553574,0.00991674453323732,0.0
239.5112781954892,6610511.278195489,9.112008506616256,9.278611609320153,9.122636479261159,9.112008506616256,0.16660310270389722,0.010627972644902783,0.0
263.4624060150376,6634462.406015038,9.04633658720953,9.22708231480818,9.057609533338416,9.04633658720953,0.18074572759865148,0.011272946128887185,0.0
287.4135338345869,6658413.533834587,8.981372082190362,9.175839191148562,8.99322666882446,8.981372082190362,0.19446710895820019,0.011854586634099107,0.0
311.3646616541352,6682364.661654135,8.917104867614754,9.124880649075278,8.929480586158979,8.917104867614754,0.20777578146052456,0.012375718544225478,0.0
335.3157894736845,6706315.7894736845,8.853525,9.074205108148389,8.866364071883371,8.853525,0.22068010814838956,0.012839071883371744,0.0
359.2669172932329,6730266.917293233,8.790622712478312,9.02381099670502,8.803869997614354,8.790622712478312,0.23318828422670812,0.013247285136042564,0.0
383.21804511278214,6754218.045112782,8.72838841104572,8.973696751810609,8.741991319029777,8.72838841104572,0.24530834076488794,0.0136029079840565,0.0
407.1691729323305,6778169.1729323305,8.66681267090362,8.923860819210446,8.680721074866621,8.66681267090362,0.25704814830682565,0.013908403963000637,0.0
431.1203007518798,6802120.30075188,8.605886232890299,8.874301653281455,8.620052385930924,8.605886232890299,0.26841542039115573,0.014166153040624963,0.0
455.07142857142816,6826071.428571428,8.5456,8.825017716984274,8.559978454119575,8.5456,0.2794177169842733,0.014378454119574613,0.0
479.02255639097746,6850022.556390977,8.485945033986992,8.776007481815567,8.50049256145378,8.485945033986992,0.29006244782857493,0.014547527466788779,0.0
502.97368421052676,6873973.684210527,8.426912552052348,8.727269427760636,8.441588069124107,8.426912552052348,0.30035687570828706,0.014675517071758293,0.0
526.9248120300751,6897924.812030075,8.36849392361111,8.678802043246268,8.383258416546902,8.36849392361111,0.3103081196351578,0.014764492935791296,0.0
550.8759398496244,6921875.939849624,8.310680667137605,8.63060382509385,8.325497120432026,8.310680667137605,0.3199231579562447,0.014816453294420384,0.0
574.8270676691727,6945827.067669173,8.2534644470868,8.582673278472772,8.268297773861722,8.2534644470868,0.3292088313859711,0.014833326774921218,0.0
598.7781954887221,6969778.195488722,8.196837070889574,8.535008916854032,8.21165404538047,8.196837070889574,0.3381718459644585,0.014816974490896584,0.0
622.7293233082704,6993729.32330827,8.140790486019892,8.487609261964167,8.155559678095763,8.140790486019892,0.3468187759442749,0.014769192075871018,0.0
646.6804511278198,7017680.45112782,8.08531677713194,8.440472843739377,8.100008488789575,8.08531677713194,0.3551560666074369,0.014691711657635054,0.0
670.6315789473681,7041631.578947368,8.030408163265307,8.393598200279953,8.04499436704052,8.030408163265307,0.3631900370146468,0.014586203775213136,0.0
694.5827067669173,7065582.706766917,7.976056995116346,8.346983877804924,7.9905112743564235,7.976056995116346,0.3709268826885781,0.014454279240077916,0.0
718.5338345864658,7089533.834586466,7.922255752373997,8.300628430606977,7.936553243317332,7.922255752373997,0.3783726782329806,0.014297490943334878,0.0
742.484962406015,7113484.962406015,7.868997041118253,8.254530421007614,7.883114376728712,7.868997041118253,0.38553337988936054,0.014117335610459136,0.0
766.4360902255643,7137436.090225564,7.816273591279671,8.208688419312566,7.830188846784812,7.816273591279671,0.3924148280328943,0.0139152555051405,0.0
790.3872180451127,7161387.218045113,7.764078254158231,8.163101003767455,7.777770894241991,7.764078254158231,0.399022749609224,0.013692640083760033,0.0
814.338345864662,7185338.345864662,7.712403999999999,8.11776676051369,7.725854827601938,7.712403999999999,0.40536276051369136,0.01345082760193872,0.0
838.2894736842103,7209289.47368421,7.66124391563007,8.072684283544634,7.674435022304671,7.66124391563007,0.4114403679145635,0.013191106674600661,0.0
862.2406015037596,7233240.60150376,7.610591202140257,8.027852174661973,7.623505919931144,7.610591202140257,0.41726097252171623,0.012914717790887487,0.0
886.191729323308,7257191.729323308,7.560439172630135,7.983269043432382,7.573062027415423,7.560439172630135,0.4228298708022473,0.01262285478528824,0.0
910.1428571428572,7281142.857142857,7.510781249999999,7.938933507144374,7.523097916266248,7.510781249999999,0.428152257144375,0.01231666626624861,0.0
934.0939849624057,7305093.984962406,7.461610964794411,7.894844190765435,7.47360822179791,7.461610964794411,0.43323322597102454,0.011997257003499406,0.0
958.0451127819549,7329045.112781955,7.412921953094964,7.850999726899369,7.424587642370326,7.412921953094964,0.43807777380440527,0.011665689275361935,0.0
981.9962406015043,7352996.240601504,7.364707954461054,7.807398755743895,7.376030938638175,7.364707954461054,0.4426908012828408,0.011322984177120965,0.0
1005.9473684210526,7376947.368421053,7.316962809917356,7.764039925048468,7.327932932809039,7.316962809917356,0.4470771151311128,0.010970122891682976,0.0
1029.8984962406018,7400898.496240602,7.2696804599868035,7.720921890072343,7.28028850791037,7.2696804599868035,0.4512414300855392,0.010608047923566843,0.0
1053.8496240601503,7424849.62406015,7.22285494276795,7.678043313542873,7.233092607065256,7.22285494276795,0.45518837077492336,0.010237664297306104,0.0
1077.8007518796994,7448800.7518796995,7.176480392055499,7.635402865614022,7.186340232776812,7.176480392055499,0.45892247355852334,0.009859840721313518,0.0
1101.7518796992479,7472751.879699248,7.130551035502959,7.59299922382514,7.1400264462211425,7.130551035502959,0.46244818832218026,0.009475410718183142,0.0
1125.7030075187972,7496703.007518797,7.085061192826302,7.550831073059927,7.094146366548735,7.085061192826302,0.46576988023362453,0.009085173722432671,0.0
1149.6541353383454,7520654.135338346,7.040005274047629,7.508897105505662,7.048695170194224,7.040005274047629,0.46889183145803326,0.008689896146595544,0.0
1173.6052631578948,7544605.263157895,6.995377777777778,7.467196020612632,7.003668090194379,6.995377777777778,0.4718182428348543,0.008290312416601608,0.0
1197.5563909774442,7568556.390977444,6.951173289536932,7.425726525053805,6.959060415514261,6.951173289536932,0.4745532355168729,0.007887125977329212,0.0
1221.5075187969926,7592507.5187969925,6.907386480112252,7.384487332684712,6.914867490381424,6.907386480112252,0.4771008525724598,0.007481010269171584,0.0
1245.4586466165417,7616458.646616542,6.864012103951583,7.343477164503556,6.871084713628064,6.864012103951583,0.4794650605519726,0.007072609676480823,0.0
1269.4097744360902,7640409.77443609,6.821044997592398,7.302694748611555,6.827707538041048,6.821044997592398,0.4816497510191571,0.006662540448650667,0.0
1293.3609022556395,7664360.902255639,6.778480078124999,7.262138820173482,6.7847314697196905,6.778480078124999,0.48365874204848325,0.006251391594691569,0.0
1317.3120300751877,7688312.030075188,6.736312341689231,7.221808121378455,6.742152067441213,6.736312341689231,0.48549577968922364,0.0058397257519819945,0.0
1341.263157894737,7712263.157894737,6.694536862003781,7.181701401400902,6.699964942033788,6.694536862003781,0.48716453939712157,0.00542808003000772,0.0
1365.2142857142856,7736214.285714285,6.653148788927337,7.141817416361794,6.658165755757068,6.653148788927337,0.48866862743445694,0.005016966829731295,0.0
1389.1654135338347,7760165.413533835,6.612143347050754,7.102154929290043,6.61675022169011,6.612143347050754,0.49001158223928876,0.004606874639356384,0.0
1413.116541353384,7784116.541353384,6.571515834319526,7.062712710084161,6.57571410312664,6.571515834319526,0.49119687576463456,0.004198268807114047,0.0
1437.0676691729325,7808067.669172932,6.531261620685761,7.023489535474092,6.535053212977509,6.531261620685761,0.49222791478833106,0.0037915922917477474,0.0
1461.0187969924807,7832018.796992481,6.491376146788991,6.984484188983281,6.49476341318031,6.491376146788991,0.4931080421942893,0.0033872663913188106,0.0
1484.96992481203,7855969.92481203,6.45185492266508,6.945695460890941,6.454840614116039,6.45185492266508,0.4938405382258608,0.0029856914509585053,0.0
1508.9210526315794,7879921.052631579,6.412693526482571,6.907122148194544,6.415280774032735,6.412693526482571,0.49442862171197266,0.002587247550163596,0.0
1532.8721804511276,7903872.180451128,6.373887603305785,6.868763054572502,6.376079898476001,6.373887603305785,0.49487545126671684,0.0021922951702162408,0.0
1556.823308270677,7927823.308270677,6.335432863884046,6.830616990347062,6.3372340397263205,6.335432863884046,0.4951841264630161,0.0018011758422744606,0.0
1580.7744360902254,7951774.436090225,6.297325083466395,6.7926827724474235,6.298739296243108,6.297325083466395,0.49535768898102805,0.0014142127767122759,0.0
1604.7255639097746,7975725.563909775,6.259560100641181,6.754959224373025,6.2605918121154,6.259560100641181,0.49539912373184425,0.001031711474218433,0.0
1628.676691729324,7999676.691729324,6.222133816199935,6.717445176157077,6.222787776519108,6.222133816199935,0.49531135995714237,0.0006539603191733079,0.0
1652.6278195488724,8023627.819548872,6.185042192024949,6.6801394643302645,6.185323423180743,6.185042192024949,0.49509727230531553,0.0002812311557942593,0.0
1676.5789473684206,8047578.947368421,6.148281250000001,6.643040931884661,6.14819502984757,6.148281250000001,0.49475968188466,-8.622015243098247e-05,0.0
1700.53007518797,8071530.07518797,6.111847070943655,6.60614842823785,6.11139891776407,6.111847070943655,0.49430135729419433,-0.0004481531795850202,0.0
1724.4812030075193,8095481.203007519,6.07573579356465,6.569460809197245,6.074931451154672,6.07573579356465,0.4937250156325943,-0.000804342409978176,0.0
1748.4323308270675,8119432.330827068,6.039943613438798,6.532976936924592,6.038789036712657,6.039943613438798,0.4930333234857942,-0.0011545767261402773,0.0
1772.3834586466169,8143383.458646617,6.0044667820069195,6.496695679900689,6.002968123095163,6.0044667820069195,0.4922288978937699,-0.0014986589117569338,0.0
1796.3345864661653,8167334.586466165,5.969301605593348,6.460615912890289,5.967465200424241,5.969301605593348,0.4913143072969417,-0.0018364051691071026,0.0
1820.2857142857144,8191285.714285715,5.934444444444444,6.424736516907203,5.932276799793839,5.934444444444444,0.49029207246275863,-0.0021676446506049274,0.0
1844.2368421052638,8215236.842105264,5.899891711786755,6.389056379179593,5.897399492782717,5.899891711786755,0.4891646673928376,-0.0024922190040381764,0.0
1868.1879699248123,8239187.969924812,5.865639872904272,6.353574393115467,5.862829890973142,5.865639872904272,0.4879345202111951,-0.0028099819311302454,0.0
1892.1390977443605,8263139.097744361,5.831685444234405,6.318289458268349,5.828564645475352,5.831685444234405,0.4866040140339436,-0.0031207987590526898,0.0
1916.0902255639098,8287090.22556391,5.798024992482208,6.283200480303157,5.794600446457698,5.798024992482208,0.4851754878209489,-0.0034245460245099224,0.0
1940.0413533834592,8311041.353383459,5.764655133752459,6.248306370962262,5.7609340226824,5.764655133752459,0.48365123720980296,-0.0037211110700594574,0.0
1963.9924812030074,8334992.4812030075,5.731572532699168,6.213606048031735,5.727562141046835,5.731572532699168,0.4820335153325672,-0.0040103916523328564,0.0
1987.9436090225568,8358943.609022557,5.698773901692104,6.179098435307781,5.694481606130325,5.698773901692104,0.4803245336156765,-0.004292295561779014,0.0
2011.8947368421052,8382894.736842105,5.666256,6.144782462563366,5.661689259746321,5.666256,0.47852646256336584,-0.004566740253678425,0.0
2035.8458646616546,8406845.864661654,5.634015632989991,6.110657065515021,5.629181980499941,5.634015632989991,0.4766414325250299,-0.004833652490050078,0.0
2059.7969924812037,8430796.992481204,5.602049651342974,6.076721185789835,5.596956683350795,5.602049651342974,0.47467153444686083,-0.005092967992179176,0.0
2083.748120300751,8454748.120300751,5.570354950284491,6.042973770892636,5.565010319181037,5.570354950284491,0.47261882060814475,-0.005344631103453956,0.0
2107.6992481203006,8478699.2481203,5.538928468830796,6.0094137741733356,5.533339874368553,5.538928468830796,0.47048530534253974,-0.005588594462242469,0.0
2131.6503759398497,8502650.37593985,5.507767189049792,5.976040154794478,5.501942370365276,5.507767189049792,0.4682729657446858,-0.005824818684516231,0.0
2155.601503759399,8526601.503759399,5.476868135336447,5.942851877698963,5.470814863280519,5.476868135336447,0.46598374236251683,-0.00605327205592765,0.0
2179.5526315789484,8550552.631578948,5.4462283737024215,5.909847913577932,5.43995444346929,5.4462283737024215,0.4636195398755101,-0.006273930233131608,0.0
2203.5037593984957,8574503.759398496,5.415845011079555,5.877027238838856,5.409358235125519,5.415845011079555,0.4611822277593012,-0.006486775954035906,0.0
2227.454887218045,8598454.887218045,5.385715194636913,5.8443888355737785,5.379023395880148,5.385715194636913,0.45867364093686547,-0.006691798756764733,0.0
2251.4060150375944,8622406.015037594,5.355836111111111,5.811931691527759,5.3489471164040205,5.355836111111111,0.45609558041664844,-0.006888994707090035,0.0
2275.3571428571436,8646357.142857144,5.326204986149583,5.77965480006747,5.319126620015509,5.326204986149583,0.45344981391788686,-0.007078366134074088,0.0
2299.308270676691,8670308.270676691,5.296819083666555,5.747557160149981,5.289559162292837,5.296819083666555,0.4507380764834261,-0.0072599213737181145,0.0
2323.2593984962405,8694259.39849624,5.267675705211393,5.715637776291702,5.260242030691008,5.267675705211393,0.44796207108030917,-0.007433674520385125,0.0
2347.2105263157896,8718210.52631579,5.238772189349112,5.683895658537526,5.231172544163349,5.238772189349112,0.44512346918841406,-0.007599645185763393,0.0
2371.161654135339,8742161.654135339,5.21010591105273,5.652329822430117,5.202348052787531,5.21010591105273,0.44222391137738715,-0.007757858265198259,0.0
2395.1127819548883,8766112.781954888,5.181674281107227,5.620939288979374,5.173765937396083,5.181674281107227,0.4392650078721463,-0.007908343711144461,0.0
2419.0639097744356,8790063.909774436,5.153474745524877,5.589723084632079,5.145423609211302,5.153474745524877,0.43624833910720273,-0.00805113631357468,0.0
2443.015037593985,8814015.037593985,5.125504784971645,5.558680241241689,5.117318509484534,5.125504784971645,0.4331754562700434,-0.008186275487111594,0.0
2466.9661654135343,8837966.165413534,5.097761914204508,5.527809796038323,5.089448109139753,5.097761914204508,0.4300478818338149,-0.008313805064754654,0.0
2490.9172932330835,8861917.293233084,5.070243681519356,5.497110791598897,5.061809908421408,5.070243681519356,0.4268671100795407,-0.00843377309794846,0.0
2514.8684210526308,8885868.421052631,5.042947668209328,5.466582275817431,5.0344014365464576,5.042947668209328,0.42363460760810323,-0.008546231662870163,0.0
2538.8195488721803,8909819.54887218,5.015871488033299,5.436223301875511,5.007220251360569,5.015871488033299,0.42035181384221243,-0.008651236672729823,0.0
2562.7706766917295,8933770.67669173,4.989012786694363,5.406032928212946,4.980263938998424,4.989012786694363,0.41702014151858346,-0.008748847695938977,0.0
2586.721804511279,8957721.804511279,4.962369241328033,5.376010218498543,4.953530113548079,4.962369241328033,0.41364097717050985,-0.00883912777995377,0.0
2610.672932330828,8981672.932330828,4.935938559999999,5.34615424160108,4.927016416719328,4.935938559999999,0.41021568160108046,-0.00892214328067098,0.0
2634.6240601503755,9005624.060150376,4.909718481213219,5.3164640715604286,4.900720517516031,4.909718481213219,0.40674559034720925,-0.008997963697188638,0.0
2658.575187969925,9029575.187969925,4.883706773424143,5.286938787558823,4.8746401119123375,4.883706773424143,0.40323201413468013,-0.00906666151180513,0.0
2682.526315789474,9053526.315789474,4.8579012345679,5.257577473892321,4.848772922532809,4.8579012345679,0.3996762393244211,-0.009128312035091568,0.0
2706.4774436090215,9077477.443609022,4.832299691592234,5.228379219942392,4.8231166983363325,4.832299691592234,0.3960795283501577,-0.00918299325590155,0.0
2730.428571428571,9101428.57142857,4.806900000000001,5.1993431201476685,4.797669214303804,4.806900000000001,0.3924431201476679,-0.00923078569619662,0.0
2754.3796992481202,9125379.69924812,4.781700043400087,5.17046827397588,4.772428271129567,4.781700043400087,0.3887682305757929,-0.009271772270519563,0.0
2778.3308270676694,9149330.82706767,4.756697733066527,5.141753785895907,4.747391694916514,4.756697733066527,0.3850560528293796,-0.009306038150013407,0.0
2802.281954887219,9173281.954887219,4.731891007505675,5.113198765350016,4.722557336874825,4.731891007505675,0.3813077578443407,-0.009333670630850222,0.0
2826.233082706768,9197233.082706768,4.707277832031249,5.084802326726232,4.697923073024319,4.707277832031249,0.37752449469498295,-0.009354759006929392,0.0
2850.1842105263154,9221184.210526315,4.682856198347108,5.056563589330884,4.673486803900344,4.682856198347108,0.3737073909837765,-0.009369394446763657,0.0
2874.135338345865,9245135.338345865,4.658624124137561,5.028481677361271,4.64924645426318,4.658624124137561,0.36985755322371006,-0.009377669874381489,0.0
2898.086466165414,9269086.466165414,4.634579652665104,5.000555719878522,4.625199972810921,4.634579652665104,0.3659760672134187,-0.009379679854182754,0.0
2922.0375939849614,9293037.593984962,4.610720852375387,4.972784850780574,4.601345331895772,4.610720852375387,0.362063998405187,-0.00937552047961443,0.0
2945.988721804511,9316988.72180451,4.587045816509275,4.945168208775303,4.57768052724373,4.587045816509275,0.3581223922660275,-0.009365289265544696,0.0
2969.93984962406,9340939.84962406,4.563552662721893,4.917704937353825,4.554203577677628,4.563552662721893,0.35415227463193233,-0.009349085044265237,0.0
2993.8909774436092,9364890.97744361,4.540239532708446,4.890394184763927,4.530912524843465,4.540239532708446,0.35015465205548146,-0.00932700786498053,0.0
3017.842105263159,9388842.105263159,4.517104591836734,4.8632351039836506,4.507805432940016,4.517104591836734,0.3461305121469165,-0.009299158896718396,0.0
3041.793233082708,9412793.233082708,4.4941460287862,4.836226852695018,4.484880388451661,4.4941460287862,0.3420808239088178,-0.009265640334539249,0.0
3065.7443609022553,9436744.360902255,4.471362055193383,4.809368593257917,4.462135499884403,4.471362055193383,0.3380065380645334,-0.009226555308980089,0.0
3089.695488721805,9460695.488721805,4.448750905303637,4.782659492684109,4.439568897505042,4.448750905303637,0.33390858738047235,-0.009182007798594682,0.0
3113.646616541354,9484646.616541354,4.426310835629017,4.756098722611413,4.417178733083457,4.426310835629017,0.32978788698239647,-0.00913210254555974,0.0
3137.5977443609013,9508597.744360901,4.404040124612174,4.729685459277999,4.3949631796379665,4.404040124612174,0.32564533466582457,-0.009076944974207635,0.0
3161.548872180451,9532548.87218045,4.381937072296155,4.703418883496841,4.3729204311837195,4.381937072296155,0.32148181120068653,-0.009016641112435053,0.0
3185.5,9556500.0,4.36,4.677298180630322,4.351048702484101,4.36,0.31729818063032145,-0.008951297515899626,0.0
3209.451127819549,9580451.12781955,4.338227249999999,4.651322540564957,4.329346228805097,4.338227249999999,0.31309529056495755,-0.008881021194902416,0.0
3233.4022556390987,9604402.255639099,4.316617185216509,4.625491157686273,4.30781126567259,4.316617185216509,0.30887397246976445,-0.00880591954391896,0.0
3257.353383458648,9628353.383458648,4.295168188906214,4.599803230853822,4.286442088632551,4.295168188906214,0.30463504194760826,-0.008726100273662496,0.0
3281.304511278195,9652304.511278195,4.273878664359733,4.574257963376337,4.265236993014101,4.273878664359733,0.3003792990166039,-0.008641671345632318,0.0
3305.2556390977447,9676255.639097745,4.25274703460445,4.5488545629870165,4.244194293695378,4.25274703460445,0.29610752838256627,-0.008552740909072654,0.0
3329.206766917294,9700206.766917294,4.231771742112482,4.523592241818961,4.223312324872225,4.231771742112482,0.2918204997064793,-0.008459417240256784,0.0
3353.157894736841,9724157.894736841,4.210951248513674,4.498470216380736,4.202589439829621,4.210951248513674,0.28751896786706155,-0.008361808684052896,0.0
3377.1090225563908,9748109.02255639,4.190284034313518,4.4734877075320645,4.182024010715838,4.190284034313518,0.2832036732185461,-0.008260023597680188,0.0
3401.06015037594,9772060.15037594,4.169768598615917,4.448643940459675,4.161614428319302,4.169768598615917,0.27887534184375795,-0.008154170296615249,0.0
3425.011278195489,9796011.27819549,4.149403458850676,4.423938144653265,4.141359101848108,4.149403458850676,0.274534685802589,-0.008044357002567892,0.0
3448.9624060150386,9819962.406015038,4.1291871505056505,4.399369553881601,4.121256458712169,4.1291871505056505,0.27018240337595056,-0.00793069179348116,0.0
3472.9135338345877,9843913.533834588,4.109118226863444,4.374937406168763,4.101304944307964,4.109118226863444,0.2658191793053186,-0.007813282555479972,0.0
3496.864661654135,9867864.661654135,4.089195258742577,4.350640943770502,4.081503021805851,4.089195258742577,0.2614456850279252,-0.007692236936725827,0.0
3520.8157894736846,9891815.789473685,4.069416834243033,4.326479413150747,4.061849171939914,4.069416834243033,0.2570625789077141,-0.007567662303118894,0.0
3544.7669172932337,9915766.917293234,4.049781558496114,4.302452064958234,4.0423418928003345,4.049781558496114,0.2526705064621204,-0.007439665695779141,0.0
3568.718045112781,9939718.045112781,4.030288053418493,4.278558154003262,4.022979699628216,4.030288053418493,0.24827010058476873,-0.007308353790277167,0.0
3592.6691729323306,9963669.17293233,4.010934957470415,4.25479693923458,4.003761124612866,4.010934957470415,0.24386198176416496,-0.007173832857549023,0.0
3616.6203007518798,9987620.30075188,3.991720925417939,4.2311676837164125,3.9846847166915023,3.991720925417939,0.2394467582984734,-0.007036208726436843,0.0
3640.571428571429,10011571.42857143,3.972644628099173,4.207669654605596,3.9657490413513385,3.972644628099173,0.23502502650642265,-0.006895586747834415,0.0
3664.5225563909785,10035522.556390978,3.953704752194393,4.184302123128852,3.9469526804340336,3.953704752194393,0.23059737093445865,-0.006752071760359524,0.0
3688.4736842105276,10059473.684210528,3.934899999999999,4.161064364560188,3.928294231942476,3.934899999999999,0.22616436456018896,-0.006605768057522887,0.0
3712.424812030075,10083424.812030075,3.9162290892062224,4.137955658198418,3.909772309849867,3.9162290892062224,0.2217265689921959,-0.006456779356355469,0.0
3736.3759398496245,10107375.939849624,3.897690752678511,4.114975287344809,3.8913855439110834,3.897690752678511,0.2172845346662977,-0.0063052087674275725,0.0
3760.3270676691736,10131327.067669174,3.8792837382425422,4.092122539280853,3.873132579476291,3.8792837382425422,0.21283880103831043,-0.0061511587662512746,0.0
3784.278195488721,10155278.195488721,3.8610068084727667,4.069396705246172,3.855012077306783,3.8610068084727667,0.20838989677340525,-0.005994731165983591,0.0
3808.2293233082705,10179229.32330827,3.842858740484429,4.04679708041652,3.8370227133930044,3.842858740484429,0.20393833993209132,-0.0058360270914246115,0.0
3832.1804511278197,10203180.45112782,3.8248383257290217,4.024322963881939,3.819163178774759,3.8248383257290217,0.19948463815291761,-0.005675146954262633,0.0
3856.1315789473692,10227131.578947369,3.806944369793066,4.001973658625011,3.8014321793635495,3.806944369793066,0.19502928883194492,-0.005512190429516561,0.0
3880.0827067669184,10251082.706766918,3.7891756922001916,3.979748471499245,3.783828435767046,3.7891756922001916,0.19057277929905325,-0.005347256433145375,0.0
3904.0338345864675,10275033.834586468,3.77153112621644,3.957646713207576,3.766350683115636,3.77153112621644,0.18611558699113617,-0.005180443100803789,0.0
3927.984962406015,10298984.962406015,3.754009518658734,3.9356676982809944,3.748997670891057,3.754009518658734,0.18165817962226027,-0.005011847767677047,0.0
3951.9360902255644,10322936.090225564,3.736609729706451,3.913810745057274,3.731768162757048,3.736609729706451,0.177201015350823,-0.0048415669494028535,0.0
3975.8872180451135,10346887.218045114,3.719330632716049,3.892075175659843,3.7146609363920553,3.719330632716049,0.1727445429437937,-0.004669696323993833,0.0
3999.838345864661,10370838.345864661,3.702171114038691,3.870460315976758,3.6976747833239028,3.702171114038691,0.1682892019380673,-0.004496330714788055,0.0
4023.7894736842104,10394789.47368421,3.685130072840791,3.8489654956397863,3.6808085087664373,3.685130072840791,0.1638354227989951,-0.004321564074353912,0.0
4047.7406015037595,10418740.60150376,3.668206420927467,3.8275900480036307,3.66406093145814,3.668206420927467,0.1593836270761635,-0.004145489469327135,0.0
4071.691729323309,10442691.729323309,3.651399082568807,3.8063333101252437,3.6474308835026434,3.651399082568807,0.1549342275564367,-0.003968199066163525,0.0
4095.6428571428582,10466642.857142858,3.634706994328922,3.7851946227432687,3.6309172102111535,3.634706994328922,0.15048762841434682,-0.0037897841177683134,0.0
4119.593984962406,10490593.984962406,3.6181291048977298,3.7641733302575977,3.6145187699467547,3.6181291048977298,0.14604422535986794,-0.0036103349509750693,0.0
4143.545112781955,10514545.112781955,3.6016643749254103,3.743268780709029,3.5982344339705614,3.6016643749254103,0.14160440578361877,-0.0034299409548488313,0.0
4167.496240601504,10538496.240601504,3.585311776859504,3.7224803257590575,3.5820630862897205,3.585311776859504,0.13716854889955332,-0.0032486905697837187,0.0
4191.447368421053,10562447.368421054,3.56907029478458,3.701807320669763,3.566003623507205,3.56907029478458,0.132737025885183,-0.0030666712773750326,0.0
4215.398496240601,10586398.496240601,3.5529389242644505,3.6812491242838132,3.5500549546734073,3.5529389242644505,0.12831020001936277,-0.0028839695910432006,0.0
4239.34962406015,10610349.62406015,3.5369166721868646,3.6608050990045755,3.5342160011395074,3.5369166721868646,0.12388842681771095,-0.0027006710473571616,0.0
4263.300751879699,10634300.7518797,3.5210025566106644,3.640474610776352,3.5184856964125784,3.5210025566106644,0.11947205416568751,-0.002516860198086057,0.0
4287.251879699249,10658251.879699249,3.5051956066153256,3.6202570290647063,3.502862986012419,3.5051956066153256,0.11506142244938067,-0.002332620602906399,0.0
4311.203007518798,10682203.007518798,3.489494862152868,3.60015172683691,3.4873468273301023,3.489494862152868,0.11065686468404223,-0.0021480348227655988,0.0
4335.154135338347,10706154.135338347,3.473899373902076,3.5801580805424984,3.4719361894881984,3.473899373902076,0.10625870664042258,-0.001963184413877439,0.0
4359.105263157895,10730105.263157895,3.4584082031250003,3.560275470093929,3.456630053202669,3.4584082031250003,0.10186726696892867,-0.0017781499223312736,0.0
4383.056390977444,10754056.390977444,3.4430204215256865,3.540503278847348,3.4414274106464027,3.4430204215256865,0.09748285732166151,-0.0015930108792838737,0.0
4407.0075187969915,10778007.518796992,3.4277351111111116,3.5208408935834723,3.4263272653143875,3.4277351111111116,0.09310578247236068,-0.0014078457967241498,0.0
4430.958646616541,10801958.64661654,3.412551364054258,3.501287704488563,3.411328631890469,3.412551364054258,0.08873634043430512,-0.0012227321637889865,0.0
4454.90977443609,10825909.77443609,3.3974682825593234,3.481843105135518,3.396430536115721,3.3974682825593234,0.08437482257619466,-0.0010377464436022166,0.0
4478.860902255639,10849860.90225564,3.382484978729003,3.462506492465062,3.381632014658366,3.382484978729003,0.08002151373605892,-0.0008529640706371744,0.0
4502.812030075189,10873812.030075189,3.3676005744338138,3.4432772667670455,3.3669321149852487,3.3676005744338138,0.07567669233323171,-0.0006684594485650841,0.0
4526.7631578947385,10897763.157894738,3.352814201183431,3.4241548316618418,3.3523298952348477,3.352814201183431,0.07134063047841055,-0.00048430594858350773,0.0
4550.714285714287,10921714.285714287,3.338124999999999,3.40513859408185,3.3378244240917927,3.338124999999999,0.06701359408185104,-0.00030057590820620206,0.0
4574.665413533835,10945665.413533835,3.3235321212933746,3.386227964253108,3.323414780662879,3.3235321212933746,0.0626958429597333,-0.00011734063049573251,0.0
4598.616541353384,10969616.541353384,3.309034724738277,3.3674223556769918,3.309100054354555,3.309034724738277,0.058387630938714796,6.532961627803147e-05,0.0
4622.567669172931,10993567.669172931,3.294631979153318,3.348721185112037,3.2948793447518807,3.294631979153318,0.054089205958719244,0.00024736559856286533,0.0
4646.518796992481,11017518.79699248,3.2803230623818527,3.3301238725558355,3.280751761498909,3.2803230623818527,0.04980081017398286,0.0004286991170561194,0.0
4670.46992481203,11041469.92481203,3.26610716117466,3.3116298412270626,3.2667164241805122,3.26610716117466,0.04552268005240245,0.0006092630058520676,0.0
4694.421052631579,11065421.05263158,3.25198347107438,3.293238517547578,3.2527724622055985,3.25198347107438,0.041255046473197776,0.0007889911312184417,0.0
4718.372180451129,11089372.180451129,3.2379511963017036,3.2749493311246414,3.2389190146917284,3.2379511963017036,0.03699813482293779,0.0009678183900247994,0.0
4742.323308270678,11113323.308270678,3.2240095496432812,3.256761714733219,3.225155230351104,3.2240095496432812,0.03275216508993761,0.0011456807078227271,0.0
4766.274436090227,11137274.436090227,3.2101577523413103,3.2386751042983946,3.211480267377913,3.2101577523413103,0.02851735195708427,0.001322515036602745,0.0
4790.225563909775,11161225.563909775,3.196395033984785,3.2206889388778754,3.1978932933370188,3.196395033984785,0.024293904893090357,0.0014982593522336884,0.0
4814.176691729324,11185176.691729324,3.1827206324023676,3.20280266064459,3.1843934850539677,3.1827206324023676,0.020082028242222272,0.0016728526516001097,0.0
4838.127819548871,11209127.819548871,3.169133793556871,3.1850157148693956,3.1709800285063174,3.169133793556871,0.01588192131252475,0.001846234949446579,0.0
4862.078947368421,11233078.94736842,3.155633771441301,3.1673275499038613,3.157652118716248,3.155633771441301,0.011693778462560367,0.0020183472749470965,0.0
4886.03007518797,11257030.07518797,3.14221982797646,3.149737617163176,3.14440895964446,3.14221982797646,0.007517789186715973,0.002189131668000055,0.0
4909.981203007519,11280981.20300752,3.1288912329100573,3.13224537110912,3.1312497640853287,3.1288912329100573,0.0033541381990627173,0.0023585311752714055,0.0
4933.932330827069,11304932.330827069,3.115647263717322,3.1148502692331546,3.118173753563311,3.115647263717322,-0.0007969944841672572,0.0025264898459891327,0.0
4957.883458646618,11328883.458646618,3.1024872055030857,3.097551772039588,3.105180158230582,3.1024872055030857,-0.004935433463497674,0.002692952727496145,0.0
4981.834586466167,11352834.586466167,3.089410350905303,3.0803493430288524,3.092268216765897,3.089410350905303,-0.009061007876450589,0.002857865860594,0.0
5005.785714285715,11376785.714285715,3.076416,3.063242448680861,3.0794371762746455,3.076416,-0.013173551319138888,0.0030211762746454873,0.0
5029.736842105264,11400736.842105264,3.0635034602076123,3.0462305584384572,3.0666862921901026,3.0635034602076123,-0.01727290176915508,0.003182831982490253,0.0
5053.687969924811,11424687.969924811,3.0506720462007046,3.0293131446909665,3.0540148281758603,3.0506720462007046,-0.021358901509738182,0.0033427819751556953,0.0
5077.639097744361,11448639.09774436,3.0379210798130285,3.0124896827578276,3.041422056029407,3.0379210798130285,-0.02543139705520092,0.0035009762163786817,0.0
5101.59022556391,11472590.22556391,3.025249889949922,2.9957596508723263,3.028907255586865,3.025249889949922,-0.029490239077595515,0.0036573656369429663,0.0
5125.541353383459,11496541.35338346,3.0126578124999996,2.9791225301654065,3.0164697146288555,3.0126578124999996,-0.03353528233459313,0.0038119021288558486,0.0
5149.4924812030085,11520492.481203008,3.00014419024814,2.962577804649581,3.0041087287874877,3.00014419024814,-0.03756638559855885,0.0039645385393476396,0.0
5173.443609022558,11544443.609022558,2.987708372789724,2.94612496120293,2.9918236014544535,2.987708372789724,-0.04158341158679413,0.0041152286647294645,0.0
5197.394736842107,11568394.736842107,2.975349716446124,2.929763489553183,2.9796136436902128,2.975349716446124,-0.04558622689294056,0.004263927244088972,0.0
5221.345864661655,11592345.864661654,2.9630675841814083,2.9134928822618984,2.9674781741342615,2.9630675841814083,-0.049574701919509856,0.004410589952853261,0.0
5245.296992481204,11616296.992481204,2.9508613455202464,2.897312634708719,2.955416518916468,2.9508613455202464,-0.05354871081152757,0.00455517339622169,0.0
5269.248120300751,11640248.120300751,2.9387303764670025,2.881222245075727,2.9434280115694658,2.9387303764670025,-0.05750813139127553,0.004697635102463238,0.0
5293.199248120301,11664199.2481203,2.926674059425979,2.8652212143318794,2.9315119929420774,2.926674059425979,-0.06145284509409965,0.004837933516098403,0.0
5317.15037593985,11688150.37593985,2.9146917831228167,2.849309046217529,2.919667811113786,2.9146917831228167,-0.06538273690528795,0.00497602799096919,0.0
5341.101503759399,11712101.503759399,2.902782942527005,2.833485247229037,2.9078948213102085,2.902782942527005,-0.06929769529796825,0.005111878783203405,0.0
5365.052631578948,11736052.631578948,2.89094693877551,2.8177493266034626,2.896192385819582,2.89094693877551,-0.07319761217204723,0.005245447044072371,0.0
5389.003759398498,11760003.759398498,2.879183179097481,2.8021007963033444,2.8845598739102414,2.879183179097481,-0.0770823827941367,0.005376694812760263,0.0
5412.954887218045,11783954.887218045,2.867491076740036,2.7865391710015697,2.872996661749078,2.867491076740036,-0.08095190573846622,0.005505585009041969,0.0
5436.906015037594,11807906.015037594,2.8558700508950867,2.7710639680663096,2.861502132320965,2.8558700508950867,-0.08480608282877711,0.005632081425878344,0.0
5460.857142857144,11831857.142857144,2.8443195266272188,2.7556747075460635,2.8500756753491516,2.8443195266272188,-0.08864481908115529,0.005756148721932863,0.0
5484.808270676691,11855808.270676691,2.8328389348025715,2.740370912154769,2.8387166872165888,2.8328389348025715,-0.09246802264780252,0.005877752414017223,0.0
5508.7593984962405,11879759.39849624,2.8214277120187305,2.725152107256994,2.8274245708882018,2.8214277120187305,-0.09627560476173658,0.005996858869471211,0.0
5532.71052631579,11903710.52631579,2.810085300535608,2.7100178208532273,2.81619873583408,2.810085300535608,-0.10006747968238061,0.00611343529847197,0.0
5556.661654135339,11927661.654135339,2.798811148207287,2.6949675835652287,2.805038597953587,2.798811148207287,-0.10384356464205835,0.00622744974629974,0.0
5580.612781954888,11951612.781954888,2.787604708414825,2.68000092862148,2.793943579500363,2.787604708414825,-0.10760377979334512,0.006338871085537878,0.0
5604.563909774438,11975563.909774438,2.7764654399999995,2.6651173918427036,2.782913109008226,2.7764654399999995,-0.11134804815729593,0.006447669008226686,0.0
5628.515037593985,11999515.037593985,2.765392807199971,2.650316511627468,2.771946621217957,2.765392807199971,-0.1150762955725031,0.006553814017985715,0.0
5652.466165413534,12023466.165413534,2.7543862795828638,2.6355978289378714,2.7610435570049368,2.7543862795828638,-0.11878845064499233,0.006657277422073005,0.0
5676.417293233084,12047417.293233084,2.7434453319842373,2.620960887285303,2.7502033633076723,2.7434453319842373,-0.12248444469893416,0.006758031323434999,0.0
5700.368421052631,12071368.421052631,2.7325694444444446,2.606405232716292,2.739425493057145,2.7325694444444446,-0.1261642117281525,0.006856048612700505,0.0
5724.31954887218,12095319.54887218,2.721758102146848,2.591930413798419,2.728709405107012,2.721758102146848,-0.12982768834842906,0.006951302960163996,0.0
5748.27067669173,12119270.67669173,2.711010795356903,2.577535981606323,2.7180545641646385,2.711010795356903,-0.1334748137505799,0.007043768807735606,0.0
5772.221804511279,12143221.804511279,2.7003270193620668,2.563221489707773,2.707460440722939,2.7003270193620668,-0.1371055296542938,0.007133421360872028,0.0
5796.172932330828,12167172.932330828,2.6897062744125484,2.5489864941498275,2.6969265109930407,2.6897062744125484,-0.14071978026272092,0.007220236580492312,0.0
5820.124060150378,12191124.060150377,2.6791480656628615,2.534830553445061,2.6864522568377374,2.6791480656628615,-0.14431751221780065,0.007304191174875907,0.0
5844.075187969925,12215075.187969925,2.6686519031141867,2.5207532285578766,2.67603716570574,2.6686519031141867,-0.14789867455631,0.007385262591553143,0.0
5868.026315789474,12239026.315789474,2.658217301557515,2.5067540828908785,2.6656807305667005,2.658217301557515,-0.15146321866663648,0.007463429009185507,0.0
5891.977443609022,12262977.443609022,2.6478437805175785,2.4928326822713487,2.6553824498470213,2.6478437805175785,-0.15501109824622983,0.007538669329442804,0.0
5915.928571428571,12286928.57142857,2.637530864197531,2.4789885949377646,2.6451418273664085,2.637530864197531,-0.15854226925976622,0.00761096316887766,0.0
5939.87969924812,12310879.69924812,2.627278081424397,2.4652213915264203,2.6349583722751966,2.627278081424397,-0.16205668989797672,0.007680290850799576,0.0
5963.83082706767,12334830.82706767,2.6170849655952493,2.451530645058104,2.624831598992405,2.6170849655952493,-0.16555432053714547,0.0077466333971556445,0.0
5987.7819548872185,12358781.954887219,2.606951054624121,2.4379159309248557,2.614761027144534,2.606951054624121,-0.1690351236992651,0.007809972520413044,0.0
6011.733082706768,12382733.082706768,2.5968758908896357,2.4243768268768022,2.604746181505091,2.5968758908896357,-0.17249906401283344,0.0078702906154553,0.0
6035.684210526318,12406684.210526317,2.586859021183345,2.4109129130090587,2.5947865919348305,2.586859021183345,-0.17594610817428613,0.007927570751485646,0.0
6059.6353383458645,12430635.338345865,2.576899996658759,2.3975237717487037,2.584881793322703,2.576899996658759,-0.17937622491005545,0.007981796663943719,0.0
6083.586466165414,12454586.466165414,2.566998372781065,2.384208987841831,2.5750313255275064,2.566998372781065,-0.1827893849392339,0.008032952746441335,0.0
6107.537593984962,12478537.593984962,2.557153709277523,2.3709681483406735,2.565234733320235,2.557153709277523,-0.18618556093684946,0.008081024042712048,0.0
6131.4887218045105,12502488.72180451,2.547365570088519,2.3578008425907875,2.5554915663271003,2.547365570088519,-0.18956472749773168,0.008125996238581124,0.0
6155.43984962406,12526439.84962406,2.537633523319282,2.344706662218328,2.545801378973243,2.537633523319282,-0.19292686110095403,0.008167855653960832,0.0
6179.39097744361,12550390.97744361,2.5279571411922377,2.3316852011173723,2.536163730427103,2.5279571411922377,-0.19627194007486537,0.00820658923486528,0.0
6203.342105263158,12574342.105263159,2.5183359999999997,2.3187360554373333,2.526578184545449,2.5183359999999997,-0.1995999445626664,0.008242184545449227,0.0
6227.293233082708,12598293.233082708,2.508769680058985,2.3058588235704294,2.5170443098190707,2.508769680058985,-0.20291085648855578,0.008274629760085528,0.0
6251.2443609022575,12622244.360902257,2.49925776566365,2.2930531061392307,2.507561679319101,2.49925776566365,-0.20620465952441913,0.008303913655451023,0.0
6275.195488721804,12646195.488721805,2.4897998450413223,2.2803185059842734,2.4981298706439885,2.4897998450413223,-0.2094813390570489,0.008330025602666158,0.0
6299.146616541354,12670146.616541354,2.480395510307639,2.267654628151739,2.4887484658670878,2.480395510307639,-0.21274088215590004,0.008352955559448816,0.0
6323.097744360902,12694097.744360901,2.4710443574225707,2.25506107988121,2.479417051484881,2.4710443574225707,-0.2159832775413606,0.008372694062310337,0.0
6347.04887218045,12718048.87218045,2.4617459861470206,2.2425374705934837,2.4701352183658063,2.4617459861470206,-0.21920851555353682,0.008389232218785736,0.0
6371.0,12742000.0,2.4525,2.230083411878463,2.460902561699697,2.4525,-0.2224165881215372,0.008402561699696776,0.0
6394.95112781955,12765951.12781955,2.443306006216362,2.217698517483107,2.4517186809478213,2.443306006216362,-0.22560748873325487,0.008412674731459457,0.0
6418.902255639098,12789902.255639099,2.4341636157050877,2.205382403299454,2.4425831797935107,2.4341636157050877,-0.22878121240563365,0.008419564088423037,0.0
6442.853383458648,12813853.383458648,2.4250724430081227,2.1931346873527073,2.4334956660933758,2.4250724430081227,-0.2319377556554154,0.008423223085253007,0.0
6466.804511278197,12837804.511278197,2.4160321062597454,2.180954989789388,2.4244557518291,2.4160321062597454,-0.23507711647035734,0.008423645569354488,0.0
6490.755639097744,12861755.639097745,2.4070422271464684,2.1688429328655565,2.415463053059808,2.4070422271464684,-0.2381992942809119,0.008420825913339591,0.0
6514.706766917294,12885706.766917294,2.398102430867456,2.156798140935093,2.406517189874994,2.398102430867456,-0.24130428993236297,0.008414759007537853,0.0
6538.657894736842,12909657.894736841,2.3892123460954635,2.144820240438053,2.3976177863480097,2.3892123460954635,-0.24439210565741032,0.008405440252546192,0.0
6562.60902255639,12933609.02255639,2.3803716049382717,2.132908859889076,2.388764470490107,2.3803716049382717,-0.24746274504919574,0.008392865551835271,0.0
6586.56015037594,12957560.15037594,2.371579842900632,2.121063629865866,2.3799568742050186,2.371579842900632,-0.250516213034766,0.008377031304386495,0.0
6610.5112781954895,12981511.27819549,2.362836698846693,2.1092841829977367,2.371194633244084,2.362836698846693,-0.25355251584895644,0.008357934397390743,0.0
6634.462406015038,13005462.406015038,2.354141814962913,2.0975701539542144,2.3624773871619023,2.354141814962913,-0.25657166100869855,0.008335572198989283,0.0
6658.413533834588,13029413.533834588,2.345494836721453,2.0859211794337096,2.3538047792725116,2.345494836721453,-0.2595736572877434,0.008309942551058658,0.0
6682.364661654137,13053364.661654137,2.336895412844036,2.0743368981522474,2.345176456606089,2.336895412844036,-0.2625585146917886,0.008281043762052853,0.0
6706.315789473684,13077315.789473685,2.328343195266272,2.0628169508322665,2.3365920698661644,2.328343195266272,-0.2655262444340054,0.008248874599892542,0.0
6730.266917293234,13101266.917293234,2.319837839102433,2.0513609801914696,2.3280512733873344,2.319837839102433,-0.2684768589109634,0.0082134342849014,0.0
6754.2180451127815,13125218.045112781,2.311379002610688,2.039968630931752,2.3195537250934883,2.311379002610688,-0.271410371678936,0.008174722482800156,0.0
6778.16917293233,13149169.17293233,2.302966347158769,2.0286395497281715,2.311099086456516,2.302966347158769,-0.2743267974305974,0.008132739297747271,0.0
6802.12030075188,13173120.30075188,2.294599537190083,2.0173733852180007,2.302687022455519,2.294599537190083,-0.2772261519720822,0.008087485265436012,0.0
6826.071428571429,13197071.42857143,2.2862782401902493,2.006169787989823,2.2943172015364905,2.2862782401902493,-0.28010845220042624,0.008038961346241269,0.0
6850.022556390978,13221022.556390978,2.278002126654064,1.9950284105726988,2.285989295572482,2.278002126654064,-0.28297371608136523,0.007987168918417886,0.0
6873.973684210528,13244973.684210528,2.2697708700528754,1.9839489074253858,2.2777029798242405,2.2697708700528754,-0.2858219626274896,0.007932109771365159,0.0
6897.924812030077,13268924.812030077,2.261584146802382,1.972930934925627,2.2694579329013043,2.261584146802382,-0.28865321187675486,0.00787378609892242,0.0
6921.875939849624,13292875.939849624,2.2534416362308254,1.9619741513594908,2.261253836723575,2.2534416362308254,-0.29146748487133456,0.007812200492749444,0.0
6945.827067669174,13316827.067669174,2.2453430205475904,1.951078216910771,2.2530903764833217,2.2453430205475904,-0.2942648036368194,0.0077473559357312816,0.0
6969.778195488721,13340778.195488721,2.237287984812199,1.9402427936504532,2.244967240607658,2.237287984812199,-0.297045191161746,0.007679255795459028,0.0
6993.72932330827,13364729.32330827,2.2292762169036884,1.9294675455262271,2.2368841207214487,2.2292762169036884,-0.29980867137746126,0.007607903817760331,0.0
7017.68045112782,13388680.45112782,2.221307407490375,1.918752138352071,2.2288407116106566,2.221307407490375,-0.3025552691383042,0.007533304120281414,0.0
7041.631578947369,13412631.578947369,2.21338125,1.9080962397978831,2.2208367111861316,2.21338125,-0.30528501020211674,0.007455461186131718,0.0
7065.582706766918,13436582.706766918,2.2054974405902366,1.8974995193791766,2.212871820447817,2.2054974405902366,-0.30799792121105996,0.007374379857580493,0.0
7089.5338345864675,13460533.834586468,2.1976556781195775,1.8869616484468268,2.2049457434493864,2.1976556781195775,-0.3106940296727507,0.007290065329808915,0.0
7113.484962406017,13484484.962406017,2.1898556641185727,1.876482300176882,2.1970581872632975,2.1898556641185727,-0.3133733639416907,0.007202523144724804,0.0
7137.436090225564,13508436.090225564,2.18209710276143,1.8660611495604271,2.1892088619462577,2.18209710276143,-0.3160359532010031,0.0071117591848275374,0.0
7161.3872180451135,13532387.218045114,2.1743797008379664,1.8556978733934992,2.181397480505097,2.1743797008379664,-0.31868182744446716,0.007017779667130686,0.0
7185.338345864661,13556338.345864661,2.166703167725905,1.8453921502670694,2.1736237588630525,2.166703167725905,-0.32131101745883583,0.0069205911371472695,0.0
7209.28947368421,13580289.47368421,2.1590672153635118,1.8351436605570701,2.1658874158264365,2.1590672153635118,-0.32392355480644164,0.006820200462924753,0.0
7233.2406015037595,13604240.60150376,2.1514715582225747,1.824952086414486,2.1581881730517156,2.1514715582225747,-0.3265194718080888,0.006716614829140877,0.0
7257.191729323309,13628191.729323309,2.1439159132817105,1.8148171117554939,2.1505257550129673,2.1439159132817105,-0.3290988015262166,0.0066098417312567825,0.0
7281.142857142858,13652142.857142858,2.1363999999999996,1.8047384222516585,2.142899888969723,2.1363999999999996,-0.33166157774834115,0.006499888969723422,0.0
7305.093984962407,13676093.984962407,2.1289235402909448,1.794715705320187,2.135310304935197,2.1289235402909448,-0.3342078349707578,0.006386764644252363,0.0
7329.045112781957,13700045.112781957,2.1214862584967475,1.7847486501142318,2.127756735644882,2.1214862584967475,-0.33673760838251576,0.006270477148134557,0.0
7352.996240601504,13723996.240601504,2.114087881362901,1.7748369475132524,2.120238916525526,2.114087881362901,-0.33925093384964855,0.0061510351626252735,0.0
7376.947368421053,13747947.368421054,2.106728138013087,1.764980290113424,2.1127565856644632,2.106728138013087,-0.34174784789966317,0.006028447651376112,0.0
7400.898496240601,13771898.496240601,2.0994067599243857,1.7551783722181085,2.1053094837793207,2.0994067599243857,-0.3442283877062773,0.005902723854934955,0.0
7424.84962406015,13795849.62406015,2.0921234809027776,1.7454308898283695,2.097897354188069,2.0921234809027776,-0.3466925910744081,0.005773873285291664,0.0
7448.800751879699,13819800.7518797,2.084878037058952,1.7357375406335485,2.0905199427794443,2.084878037058952,-0.3491404964254037,0.0056419057204921685,0.0
7472.751879699249,13843751.879699249,2.0776701667844013,1.7260980240018844,2.083176997983696,2.0776701667844013,-0.3515721427825169,0.005506831199294737,0.0
7496.703007518798,13867703.007518798,2.0704996107278046,1.7165120409711918,2.075868270743703,2.0704996107278046,-0.35398756975661283,0.005368660015898197,0.0
7520.654135338347,13891654.135338347,2.0633661117717,1.7069792942395892,2.068593514486417,2.0633661117717,-0.356386817532111,0.005227402714716778,0.0
7544.605263157895,13915605.263157895,2.056269415009435,1.697499488156279,2.061352485094647,2.056269415009435,-0.3587699268531561,0.005083070085211805,0.0
7568.556390977444,13939556.390977444,2.0492092677223934,1.6880723287123742,2.0541449408791754,2.0492092677223934,-0.3611369390100192,0.004935673156782006,0.0
7592.507518796993,13963507.518796993,2.0421854193574958,1.6786975235317845,2.0469706425512064,2.0421854193574958,-0.3634878958257113,0.004785223193710664,0.0
7616.458646616541,13987458.64661654,2.035197621504973,1.6693747818621478,2.039829353195137,2.035197621504973,-0.36582283964282514,0.004631731690163843,0.0
7640.40977443609,14011409.77443609,2.028245627876397,1.660103814565809,2.0327208382416475,2.028245627876397,-0.36814181331058826,0.004475210365250337,0.0
7664.360902255639,14035360.90225564,2.021329194282985,1.6508843341108579,2.0256448654411128,2.021329194282985,-0.3704448601721271,0.0043156711581278095,0.0
7688.312030075189,14059312.030075189,2.0144480786141523,1.6417160545622071,2.0186012048373296,2.0144480786141523,-0.37273202405194517,0.004153126223177317,0.0
7712.2631578947385,14083263.157894738,2.007602040816326,1.6325986915727275,2.011589628741544,2.007602040816326,-0.3750033492435987,0.003987587925217806,0.0
7736.214285714287,14107214.285714287,2.0007908428720076,1.6235319623744269,2.004609911706795,2.0007908428720076,-0.3772588804975807,0.0038190688347872204,0.0
7760.165413533835,14131165.413533835,1.9940142487790864,1.6145155857696818,1.9976618305025569,1.9940142487790864,-0.3794986630094046,0.003647581723470461,0.0
7784.116541353384,14155116.541353384,1.9872720245303923,1.6055492821225146,1.9907451640896776,1.9872720245303923,-0.38172274240787774,0.0034731395592852987,0.0
7808.067669172933,14179067.669172933,1.9805639380934987,1.5966327733499222,1.9838596935956194,1.9805639380934987,-0.3839311647435766,0.0032957555021206897,0.0
7832.018796992481,14203018.79699248,1.973889759390756,1.587765782913253,1.9770052022899849,1.973889759390756,-0.3861239764775031,0.0031154428992288263,0.0
7855.96992481203,14226969.92481203,1.9672492602795633,1.5789480358096246,1.970181475560334,1.9672492602795633,-0.38830122446993864,0.0029322152807707003,0.0
7879.921052631579,14250921.05263158,1.9606422145328717,1.5701792585634031,1.9633883008882886,1.9606422145328717,-0.39046295596946856,0.0027460863554169546,0.0
7903.872180451129,14274872.180451129,1.9540683978199178,1.5614591792177137,1.956625467825911,1.9540683978199178,-0.3926092186022041,0.002557070005993145,0.0
7927.823308270678,14298823.308270678,1.9475275876871794,1.5527875273260112,1.9498927679723703,1.9475275876871794,-0.39474006036116815,0.0023651802851909487,0.0
7951.774436090227,14322774.436090227,1.9410195635395573,1.5441640339436897,1.943189994950877,1.9410195635395573,-0.39685552959586756,0.0021704314113197842,0.0
7975.725563909775,14346725.563909775,1.9345441066217763,1.5355884316197443,1.9365169443858905,1.9345441066217763,-0.398955675002032,0.001972837764114166,0.0
7999.676691729324,14370676.691729324,1.9281009999999998,1.5270604543884705,1.9298734138805966,1.9281009999999998,-0.40104054561152935,0.0017724138805967904,0.0
8023.627819548873,14394627.819548873,1.9216900285436638,1.5185798377612232,1.9232592029946483,1.9216900285436638,-0.4031101907824406,0.0015691744509844785,0.0
8047.578947368421,14418578.94736842,1.9153109789075176,1.5101463187182083,1.9166741132221714,1.9153109789075176,-0.4051646601893093,0.0013631343146538466,0.0
8071.53007518797,14442530.07518797,1.9089636395138734,1.5017596357003271,1.910117947970023,1.9089636395138734,-0.40720400381354627,0.0011543084561496109,0.0
8095.481203007519,14466481.20300752,1.9026478005350642,1.4934195286010639,1.903590512536315,1.9026478005350642,-0.40922827193400035,0.000942712001250845,0.0
8119.432330827069,14490432.330827069,1.8963632538761013,1.48512573875842,1.8970916140891834,1.8963632538761013,-0.41123751511768125,0.000728360213082091,0.0
8143.383458646618,14514383.458646618,1.8901097931575332,1.4768780089468903,1.8906210616458055,1.8901097931575332,-0.413231784210643,0.0005112684882722096,0.0
8167.334586466167,14538334.586466167,1.8838872136985034,1.4686760833694863,1.884178666051674,1.8838872136985034,-0.41521113032901713,0.0002914523531705182,0.0
8191.285714285715,14562285.714285715,1.8776953124999998,1.4605197076498027,1.8777642399601022,1.8776953124999998,-0.4171756048501971,6.892746010245254e-05,0.0
8215.236842105263,14586236.842105264,1.8715338882282995,1.4524086288241267,1.8713775978119809,1.8715338882282995,-0.4191252594041728,-0.00015629041631859408,0.0
8239.187969924811,14610187.969924811,1.8654027411986027,1.4443425953335958,1.8650185558157675,1.8654027411986027,-0.42106014586500695,-0.00038418538283524484,0.0
8263.13909774436,14634139.09774436,1.859301673358852,1.4363213570163915,1.85868693192771,1.859301673358852,-0.4229803163424606,-0.0006147414311421517,0.0
8287.09022556391,14658090.22556391,1.853230488273741,1.4283446650999858,1.852382545832308,1.853230488273741,-0.4248858231737551,-0.0008479424414329362,0.0
8311.04135338346,14682041.35338346,1.8471889911088992,1.4204122721934205,1.8461052189229983,1.8471889911088992,-0.42677671891547875,-0.0010837721859009442,0.0
8334.992481203008,14705992.481203008,1.8411769886152636,1.412523932279639,1.8398547742830715,1.8411769886152636,-0.42865305633562456,-0.0013222143321920399,0.0
8358.943609022557,14729943.609022558,1.8351942891136224,1.4046794007078534,1.8336310366668076,1.8351942891136224,-0.430514888405769,-0.0015632524468147668,0.0
8382.894736842107,14753894.736842107,1.8292407024793385,1.396878434185958,1.8274338324808403,1.8292407024793385,-0.43236226829338054,-0.0018068699984981063,0.0
8406.845864661655,14777845.864661654,1.8233160401272428,1.3891207907729837,1.8212629897657344,1.8233160401272428,-0.4341952493542591,-0.0020530503615083795,0.0
8430.796992481204,14801796.992481204,1.8174201149967009,1.3814062298715937,1.8151183381777798,1.8174201149967009,-0.4360138851251072,-0.0023017768189210752,0.0
8454.748120300754,14825748.120300753,1.811552741536847,1.3737345122206222,1.808999708971006,1.811552741536847,-0.43781822931622494,-0.0025530325658411623,0.0
8478.6992481203,14849699.2481203,1.8057137356919875,1.3661053998876556,1.8029069349793965,1.8057137356919875,-0.4396083358043319,-0.0028068007125909844,0.0
8502.65037593985,14873650.37593985,1.799902914887162,1.358518656261648,1.796839850599322,1.799902914887162,-0.4413842586255139,-0.0030630642878399783,0.0
8526.601503759399,14897601.503759399,1.7941200980138747,1.3509740460455892,1.7907982917721745,1.7941200980138747,-0.4431460519682855,-0.003321806241700198,0.0
8550.552631578948,14921552.631578948,1.7883651054159828,1.3434713352492036,1.784782095967207,1.7883651054159828,-0.4448937701667792,-0.0035830094487758757,0.0
8574.503759398498,14945503.759398498,1.7826377588757394,1.3360102911816933,1.7787911021645724,1.7826377588757394,-0.44662746769404604,-0.003846656711167018,0.0
8598.454887218046,14969454.887218045,1.7769378815999999,1.3285906824445228,1.7728251508385653,1.7769378815999999,-0.44834719915547705,-0.004112730761434591,0.0
8622.406015037594,14993406.015037594,1.7712652982065755,1.3212122789242393,1.7668840839410558,1.7712652982065755,-0.4500530192823362,-0.0043812142655197395,0.0
8646.357142857143,15017357.142857144,1.7656198347107437,1.3138748517853411,1.7609677448851204,1.7656198347107437,-0.45174498292540255,-0.004652089825623262,0.0
8670.308270676693,15041308.270676693,1.7600013185119068,1.3065781734631756,1.7550759785288637,1.7600013185119068,-0.45342314504873116,-0.00492533998304312,0.0
8694.25939849624,15065259.39849624,1.7544095783804003,1.2993220176568832,1.7492086311594304,1.7544095783804003,-0.4550875607235172,-0.005200947220969976,0.0
8718.21052631579,15089210.52631579,1.7488444444444444,1.2921061593223802,1.7433655504772032,1.7488444444444444,-0.45673828512206427,-0.005478893967241216,0.0
8742.16165413534,15113161.654135339,1.7433057481772447,1.2849303746653762,1.7375465855801875,1.7433057481772447,-0.4583753735118685,-0.005759162597057221,0.0
8766.112781954887,15137112.781954888,1.737793322384233,1.2777944411344364,1.731751586948579,1.737793322384233,-0.4599988812497966,-0.006041735435654116,0.0
8790.063909774437,15161063.909774438,1.7323070011904491,1.2706981374140782,1.7259804064295108,1.7323070011904491,-0.4616088637763709,-0.006326594760938331,0.0
8814.015037593985,15185015.037593985,1.726846620028063,1.2636412434179058,1.7202328972219785,1.726846620028063,-0.46320537661015715,-0.006613722806084521,0.0
8837.966165413534,15208966.165413534,1.7214120156240311,1.256623540281787,1.714508913861945,1.7214120156240311,-0.4647884753422442,-0.0069031017620861945,0.0
8861.917293233084,15232917.293233084,1.7160030259878958,1.2496448103570628,1.7088083122076145,1.7160030259878958,-0.466358215630833,-0.007194713780281248,0.0
8885.868421052633,15256868.421052633,1.7106194903997098,1.242704837203798,1.7031309494248874,1.7106194903997098,-0.46791465319591174,-0.007488540974822433,0.0
8909.81954887218,15280819.54887218,1.7052612493980994,1.2358034055840716,1.6974766839729734,1.7052612493980994,-0.4694578438140278,-0.0077845654251260665,0.0
8933.770676691729,15304770.67669173,1.699928144768454,1.228940301455295,1.6918453755901828,1.699928144768454,-0.4709878433131589,-0.00808276917827122,0.0
8957.721804511279,15328721.804511279,1.6946200195312497,1.2221153119635788,1.686236885279881,1.6946200195312497,-0.47250470756767093,-0.008383134251368718,0.0
8981.672932330828,15352672.932330828,1.6893367179304954,1.2153282254371307,1.6806510752966055,1.6893367179304954,-0.47400849249336474,-0.008685642633889934,0.0
9005.624060150378,15376624.060150377,1.6840780854223074,1.2085788313796877,1.6750878091323458,1.6840780854223074,-0.4754992540426197,-0.00899027628996163,0.0
9029.575187969926,15400575.187969925,1.6788439686636079,1.2018669204639922,1.6695469515029866,1.6788439686636079,-0.4769770481996156,-0.009297017160621257,0.0
9053.526315789473,15424526.315789474,1.6736342155009452,1.1951922845252945,1.6640283683349053,1.6736342155009452,-0.4784419309756507,-0.00960584716603985,0.0
9077.477443609023,15448477.443609023,1.6684486749594374,1.1885547165549009,1.658531926751727,1.6684486749594374,-0.4798939584045365,-0.00991674820771049,0.0
9101.428571428572,15472428.571428573,1.6632871972318337,1.1819540106937534,1.6530574950612382,1.6632871972318337,-0.4813331865380803,-0.01022970217059549,0.0
9125.37969924812,15496379.69924812,1.6581496336676949,1.1753899622260422,1.6476049427424488,1.6581496336676949,-0.48275967144165266,-0.010544690925246014,0.0
9149.33082706767,15520330.82706767,1.6530358367626885,1.1688623675728589,1.6421741404328047,1.6530358367626885,-0.4841734691898296,-0.010861696329883763,0.0
9173.28195488722,15544281.954887219,1.6479456601480054,1.1623710242858825,1.636764959915554,1.6479456601480054,-0.4855746358621229,-0.011180700232451324,0.0
9197.233082706767,15568233.082706768,1.6428789585798815,1.155915731041099,1.631377274107258,1.6428789585798815,-0.4869632275387825,-0.011501684472623452,0.0
9221.184210526317,15592184.210526317,1.63783558792924,1.1494962876325605,1.6260109570454462,1.63783558792924,-0.4883393002966796,-0.01182463088379393,0.0
9245.135338345865,15616135.338345865,1.6328154051714403,1.1431124949661733,1.6206658838764205,1.6328154051714403,-0.489702910205267,-0.012149521295019783,0.0
9269.086466165414,15640086.466165414,1.6278182683761364,1.1367641550535226,1.6153419308431936,1.6278182683761364,-0.49105411332261384,-0.01247633753294286,0.0
9293.037593984964,15664037.593984963,1.6228440366972474,1.130451071005736,1.610038975273579,1.6228440366972474,-0.49239296569151136,-0.012805061423668329,0.0
9316.988721804513,15687988.721804513,1.617892570363032,1.1241730470273725,1.6047568955684077,1.617892570363032,-0.4937195233356595,-0.013135674794624297,0.0
9340.93984962406,15711939.84962406,1.61296373066627,1.1179298884103546,1.5994955711898935,1.61296373066627,-0.4950338422559155,-0.013468159476376584,0.0
9364.890977443609,15735890.97744361,1.6080573799545463,1.111721401527924,1.5942548826501217,1.6080573799545463,-0.49633597842662236,-0.013802497304424621,0.0
9388.842105263158,15759842.105263159,1.6031733816206428,1.1055473938286409,1.5890347114996872,1.6031733816206428,-0.49762598779200196,-0.014138670120955599,0.0
9412.793233082708,15783793.233082708,1.598311600093027,1.0994076738304122,1.5838349403164502,1.598311600093027,-0.4989039262626149,-0.014476659776576861,0.0
9436.744360902258,15807744.360902257,1.593471900826446,1.0933020511145497,1.5786554526944312,1.593471900826446,-0.5001698497118963,-0.01481644813201477,0.0
9460.695488721805,15831695.488721805,1.5886541502926157,1.087230336319867,1.5734961332328339,1.5886541502926157,-0.5014238139727487,-0.015158017059781814,0.0
9484.646616541355,15855646.616541354,1.5838582159710115,1.0811923411368052,1.5683568675251927,1.5838582159710115,-0.5026658748342063,-0.015501348445818852,0.0
9508.597744360903,15879597.744360903,1.5790839663397553,1.075187878301593,1.5632375421486528,1.5790839663397553,-0.5038960880381624,-0.015846424191102493,0.0
9532.548872180452,15903548.872180453,1.5743312708665986,1.0692167615904404,1.558138044653367,1.5743312708665986,-0.5051145092761582,-0.016193226213231604,0.0
9556.5,15927500.0,1.5696,1.063278805813761,1.5530582635520234,1.5696,-0.5063211941862391,-0.01654173644797674,0.0
